-- MySQL dump 10.13  Distrib 8.0.22, for Win64 (x86_64)
--
-- Host: localhost    Database: crowdfunding_db
-- ------------------------------------------------------
-- Server version	8.0.22

/*!40101 SET @OLD_CHARACTER_SET_CLIENT=@@CHARACTER_SET_CLIENT */;
/*!40101 SET @OLD_CHARACTER_SET_RESULTS=@@CHARACTER_SET_RESULTS */;
/*!40101 SET @OLD_COLLATION_CONNECTION=@@COLLATION_CONNECTION */;
/*!50503 SET NAMES utf8 */;
/*!40103 SET @OLD_TIME_ZONE=@@TIME_ZONE */;
/*!40103 SET TIME_ZONE='+00:00' */;
/*!40014 SET @OLD_UNIQUE_CHECKS=@@UNIQUE_CHECKS, UNIQUE_CHECKS=0 */;
/*!40014 SET @OLD_FOREIGN_KEY_CHECKS=@@FOREIGN_KEY_CHECKS, FOREIGN_KEY_CHECKS=0 */;
/*!40101 SET @OLD_SQL_MODE=@@SQL_MODE, SQL_MODE='NO_AUTO_VALUE_ON_ZERO' */;
/*!40111 SET @OLD_SQL_NOTES=@@SQL_NOTES, SQL_NOTES=0 */;

--
-- Table structure for table `category`
--

DROP TABLE IF EXISTS category;
/*!40101 SET @saved_cs_client     = @@character_set_client */;
/*!50503 SET character_set_client = utf8mb4 */;
CREATE TABLE category (
  CATEGORY_ID int DEFAULT NULL,
  `NAME` varchar(100) NOT NULL
) ENGINE=InnoDB; 
/*!40101 SET character_set_client = @saved_cs_client */;

--
-- Dumping data for table `category`
--

LOCK TABLES category WRITE;
/*!40000 ALTER TABLE category DISABLE KEYS */;
INSERT INTO category VALUES (1,'PEOPLE'),(2,'CHILDREN'),(3,'MEDICAL'),(4,'STUDENT'),(5,'HOSPITAL');
/*!40000 ALTER TABLE category ENABLE KEYS */;
UNLOCK TABLES;

--
-- Table structure for table `donation`
--

DROP TABLE IF EXISTS donation;
/*!40101 SET @saved_cs_client     = @@character_set_client */;
/*!50503 SET character_set_client = utf8mb4 */;
CREATE TABLE donation (
  DONATION_ID int NOT NULL AUTO_INCREMENT,
  `DATE` timestamp NULL DEFAULT CURRENT_TIMESTAMP,
  AMOUNT decimal(10,2) DEFAULT NULL,
  GIVER varchar(255) DEFAULT NULL,
  FUNDRAISER_ID int DEFAULT NULL,
  PRIMARY KEY (DONATION_ID)
) ENGINE=InnoDB;
/*!40101 SET character_set_client = @saved_cs_client */;

--
-- Dumping data for table `donation`
--

LOCK TABLES donation WRITE;
/*!40000 ALTER TABLE donation DISABLE KEYS */;
INSERT INTO donation VALUES (11,'2024-09-27 05:06:11',10.00,'KRIS',1),(12,'2024-09-27 05:06:11',10.00,'EVANEE',2),(13,'2024-09-27 05:06:11',100.00,'FU',3),(14,'2024-09-27 05:06:11',100.00,'SUN',4),(15,'2024-09-27 05:06:11',100.00,'PEI',5),(16,'2024-09-27 05:06:11',50.00,'REN',6),(17,'2024-09-27 05:06:11',10.00,'SU',7),(18,'2024-09-27 05:06:11',1000.00,'ZHANG',8),(19,'2024-09-27 05:06:11',1000.00,'CHEN',9),(20,'2024-09-27 05:06:11',10.00,'CHRISTINA',10),(21,'2024-09-26 21:06:11',10.00,'KRIS',1),(22,'2024-09-27 11:59:32',10.00,'EVANEE',2),(23,'2024-09-27 11:59:32',100.00,'FU',3),(24,'2024-09-27 11:59:32',100.00,'SUN',4),(25,'2024-09-27 11:59:32',100.00,'PEI',5),(26,'2024-09-27 11:59:32',50.00,'REN',6),(27,'2024-09-27 11:59:32',10.00,'SU',7),(28,'2024-09-27 11:59:32',1000.00,'ZHANG',8),(29,'2024-09-27 11:59:32',1000.00,'CHEN',9),(30,'2024-09-27 11:59:32',10.00,'CHRISTINA',10),(31,'2024-09-29 04:22:59',10.00,'KRIS',1),(32,'2024-09-29 17:59:56',10.00,'Kris',1),(33,'2024-09-30 02:39:00',5.00,'Kris',1),(34,'2024-09-30 02:55:33',10.00,'Kris',1),(35,'2024-09-30 23:39:53',10.00,'Kris',2),(36,'2024-10-01 17:53:04',10.00,'Kris',5),(37,'2024-10-01 18:07:34',100.00,'Kris',1),(38,'2024-10-01 18:19:08',100.00,'Kris',1),(39,'2024-10-01 18:22:35',100.00,'Kris',1),(40,'2024-10-01 18:52:49',100.00,'Kris',1),(41,'2024-10-04 20:27:54',1000.00,'Evanee',2),(42,'2024-10-04 20:30:10',1000.00,'Kris',6),(43,'2024-10-04 20:30:48',1000.00,'Kris',3),(44,'2024-10-05 01:28:06',1000.00,'Kris',2);
/*!40000 ALTER TABLE donation ENABLE KEYS */;
UNLOCK TABLES;

--
-- Table structure for table `fundraiser`
--

DROP TABLE IF EXISTS fundraiser;
/*!40101 SET @saved_cs_client     = @@character_set_client */;
/*!50503 SET character_set_client = utf8mb4 */;
CREATE TABLE fundraiser (
  FUNDRAISER_ID int DEFAULT NULL,
  ORGANIZER varchar(255) NOT NULL,
  CAPTION varchar(255) DEFAULT NULL,
  TARGET_FUNDING decimal(10,2) DEFAULT NULL,
  CURRENT_FUNDING decimal(10,2) DEFAULT NULL,
  CITY varchar(255) DEFAULT NULL,
  `ACTIVE` tinyint(1) DEFAULT NULL,
  CATEGORY_ID int DEFAULT NULL
) ENGINE=InnoDB;
/*!40101 SET character_set_client = @saved_cs_client */;

--
-- Dumping data for table `fundraiser`
--

LOCK TABLES fundraiser WRITE;
/*!40000 ALTER TABLE fundraiser DISABLE KEYS */;
INSERT INTO fundraiser VALUES (1,'DONGFANG','HELP FOR KIDS',10000.00,3200.00,'SHANGHAI',1,2),(2,'XIFANG','HELP FOR MEDICAL',100000.00,7000.00,'XINJIANG',1,3),(3,'NANFANG','HELP FOR HOMELESS',10000.00,2000.00,'GUANGXI',1,1),(4,'BEIFANG','HELP FOR WORKER',10000.00,500.00,'SHANXI',1,1),(5,'DONGFANG','HELP FOR STUDENTS',100000.00,3000.00,'BEIJING',1,4),(6,'DONGFANG','HELP FOR PATIENT',500000.00,6000.00,'SHANGHAI',1,5),(7,'XIFANG','HELP FOR DOCTOR',100000.00,5000.00,'XINJIANG',1,5),(8,'NANFANG','HELP FOR PEOPLE WITH DISABILITIES',10000.00,1000.00,'GUANGXI',1,1),(9,'BEIFANG','HELP FOR SINGLE MOTHER',10000.00,500.00,'SHANXI',1,1),(10,'DONGFANG','HELP FOR FOREST RANGER',100000.00,3000.00,'BEIJING',1,1);
/*!40000 ALTER TABLE fundraiser ENABLE KEYS */;
UNLOCK TABLES;
/*!40103 SET TIME_ZONE=@OLD_TIME_ZONE */;

/*!40101 SET SQL_MODE=@OLD_SQL_MODE */;
/*!40014 SET FOREIGN_KEY_CHECKS=@OLD_FOREIGN_KEY_CHECKS */;
/*!40014 SET UNIQUE_CHECKS=@OLD_UNIQUE_CHECKS */;
/*!40101 SET CHARACTER_SET_CLIENT=@OLD_CHARACTER_SET_CLIENT */;
/*!40101 SET CHARACTER_SET_RESULTS=@OLD_CHARACTER_SET_RESULTS */;
/*!40101 SET COLLATION_CONNECTION=@OLD_COLLATION_CONNECTION */;
/*!40111 SET SQL_NOTES=@OLD_SQL_NOTES */;

-- Dump completed on 2024-10-07  8:57:15
